gloss,video_id,url,split
book,69241,http://aslbricks.org/New/ASL-Videos/book.mp4,train
book,65225,https://aslsignbank.haskins.yale.edu/dictionary/protected_media/glossvideo/ASL/BO/BOOK-418.mp4,train
book,68011,https://www.youtube.com/watch?v=0UsjUE-TXns,train
book,68208,https://www.youtube.com/watch?v=1QOYOZ3g-aY,train
book,68012,https://www.youtube.com/watch?v=aGtIHKEdCds,train
book,70212,https://www.youtube.com/watch?v=hjS0dQDgbjo,val
book,70266,https://www.youtube.com/watch?v=WGfiiDgrq1I,train
book,07085,http://www.aslpro.com/main/b/book_english_grammar.swf,train
book,07086,http://www.aslpro.com/main/b/book_geography.swf,train
book,07087,http://www.aslpro.com/main/b/book_geometry.swf,train
book,07069,https://signstock.blob.core.windows.net/signschool/videos/SignSchool%20Book.mp4,train
book,07088,http://www.aslpro.com/main/b/book_history.swf,train
book,07089,http://www.aslpro.com/main/b/book_law.swf,train
book,07090,http://www.aslpro.com/main/b/book_literature.swf,train
book,07091,http://www.aslpro.com/main/b/book_math.swf,train
book,07092,http://www.aslpro.com/main/b/book_medicine.swf,test
book,07093,http://www.aslpro.com/main/b/book_music.swf,test
book,07068,https://s3-us-west-1.amazonaws.com/files.startasl.com/asldictionary/book.mp4,train
book,07094,http://www.aslpro.com/main/b/book_photography.swf,val
book,07095,http://www.aslpro.com/main/b/book_science.swf,test
book,07096,http://www.aslpro.com/main/b/book_spelling.swf,val
book,07097,http://www.aslpro.com/main/b/book.swf,train
book,07070,https://media.asldeafined.com/vocabulary/1466684225.687.mp4,train
book,07098,http://www.aslpro.com/main/b/book_trigonometry.swf,val
book,07099,http://www.aslsearch.com/signs/videos/book.mp4,val
book,07071,https://www.handspeak.com/word/b/book2.mp4,train
book,07072,https://www.handspeak.com/word/b/book.mp4,test
book,07073,https://www.handspeak.com/word/b/books-pile.mp4,train
book,67424,https://youtu.be/3-GrhsVs830,train
book,07074,https://www.signingsavvy.com/signs/mp4/14/14326.mp4,train
book,07075,https://www.youtube.com/watch?v=Kwvw-K6GYW8,train
book,07076,https://www.youtube.com/watch?v=XjWSfh50kAU,train
book,07077,http://www.aslpro.com/main/b/book_accounting.swf,train
book,07078,http://www.aslpro.com/main/b/book_algebra.swf,train
book,07079,http://www.aslpro.com/main/b/book_anatomy.swf,train
book,07080,http://www.aslpro.com/main/b/book_art_history.swf,train
book,07081,http://www.aslpro.com/main/b/book_art.swf,train
book,07082,http://www.aslpro.com/main/b/book_business.swf,train
book,07083,http://www.aslpro.com/main/b/book_chemistry.swf,val
book,07084,http://www.aslpro.com/main/b/book_coloring.swf,train
go,24857,https://www.youtube.com/watch?v=YdHKN_wHZqo,test
go,69345,http://aslbricks.org/New/ASL-Videos/go.mp4,val
go,68292,https://www.youtube.com/watch?v=7IkKMzvSsFM,train
go,24955,https://www.signingsavvy.com/signs/mp4/23/23400.mp4,train
go,24956,https://www.signingsavvy.com/signs/mp4/23/23401.mp4,train
go,24941,https://s3-us-west-1.amazonaws.com/files.startasl.com/asldictionary/go.mp4,train
go,24960,https://www.signingsavvy.com/signs/mp4/23/23517.mp4,test
go,24961,https://www.signingsavvy.com/signs/mp4/23/23517.mp4,train
go,24962,https://www.signingsavvy.com/signs/mp4/23/23519.mp4,train
go,24965,https://www.youtube.com/watch?v=jknOnIhAbNo,train
go,24969,https://www.youtube.com/watch?v=ZEyH-t5ALCs,train
go,24970,https://www.youtube.com/watch?v=ZEyH-t5ALCs,train
go,24971,https://www.youtube.com/watch?v=ZyL9f_qoGug,train
go,24972,http://www.aslpro.com/main/g/go.swf,train
go,65824,https://aslsignbank.haskins.yale.edu/dictionary/protected_media/glossvideo/ASL/GO/GO-469.mp4,train
go,24973,http://www.aslsearch.com/signs/videos/go.mp4,train
go,24943,https://signstock.blob.core.windows.net/signschool/videos/db_uploads/SignSchool%20go-c3j44FTrL9c.mp4,train
go,24946,https://signstock.blob.core.windows.net/signschool/videos/db_uploads/SignSchool%20To%20Go-BeOwDK5YI0U.mp4,val
go,24947,https://media.asldeafined.com/vocabulary/1468549286.5649.mp4,train
go,24948,https://www.handspeak.com/word/g/go.mp4,val
go,24940,https://media.spreadthesign.com/video/mp4/13/58507.mp4,train
go,67715,https://youtu.be/QfVrSA3yrSc,test
go,24950,https://www.handspeak.com/word/g/go-to2.mp4,train
go,24951,https://www.handspeak.com/word/g/go-to.mp4,train
go,24952,https://www.signingsavvy.com/signs/mp4/22/22235.mp4,val
go,24954,https://www.signingsavvy.com/signs/mp4/23/23400.mp4,train
help,27194,https://www.youtube.com/watch?v=SiBub8VD5wo,test
help,69364,http://aslbricks.org/New/ASL-Videos/help.mp4,val
help,27219,https://www.youtube.com/watch?v=RStYX5OXPjE,val
help,27220,http://www.aslpro.com/main/h/help.swf,val
help,27221,http://www.aslsearch.com/signs/videos/help.mp4,train
help,27206,https://s3-us-west-1.amazonaws.com/files.startasl.com/asldictionary/help.mp4,train
help,27207,https://signstock.blob.core.windows.net/signschool/videos/db_uploads/SignSchool%20Stamp%2C%20Help-2bSAr25HPXY.mp4,train
help,27208,https://media.asldeafined.com/vocabulary/1468580671.3652.mp4,train
help,27209,https://media.asldeafined.com/vocabulary/1471136062.8464.mp4,test
help,27210,https://www.handspeak.com/word/h/help2.mp4,train
help,27211,https://www.handspeak.com/word/h/help-me.mp4,train
help,27212,https://www.handspeak.com/word/h/help.mp4,train
help,65890,https://aslsignbank.haskins.yale.edu/dictionary/protected_media/glossvideo/ASL/HE/HELP-2562.mp4,train
help,27213,https://www.signingsavvy.com/signs/mp4/23/23431.mp4,test
help,27214,https://www.signingsavvy.com/signs/mp4/5/5871.mp4,train
help,65891,https://aslsignbank.haskins.yale.edu/dictionary/protected_media/glossvideo/ASL/HE/HELP-2563.mp4,val
help,65889,https://aslsignbank.haskins.yale.edu/dictionary/protected_media/glossvideo/ASL/HE/HELP-483.mp4,train
help,67757,https://youtu.be/OWXmFhatan8,train
help,27215,https://www.signingsavvy.com/signs/mp4/6/6389.mp4,train
help,27216,https://www.signingsavvy.com/signs/mp4/9/9918.mp4,train
help,27217,https://www.signingsavvy.com/signs/mp4/9/9936.mp4,train
help,27218,https://www.youtube.com/watch?v=l31UXgChCS4,train
like,69389,http://aslbricks.org/New/ASL-Videos/like.mp4,test
like,33266,https://media.spreadthesign.com/video/mp4/13/457551.mp4,train
like,68093,https://www.youtube.com/watch?v=0qeMFifNqC4,test
like,70299,https://www.youtube.com/watch?v=CSj7IScvZnE,train
like,33285,http://www.aslsearch.com/signs/videos/like4.mp4,train
like,33267,https://s3-us-west-1.amazonaws.com/files.startasl.com/asldictionary/like.mp4,train
like,33286,http://www.aslsearch.com/signs/videos/like.mp4,test
like,33268,https://signstock.blob.core.windows.net/signschool/videos/db_uploads/SignSchool%20really%20like-7y5Ye-2-ZBs.mp4,val
like,33269,https://media.asldeafined.com/vocabulary/1468711783.5361.mp4,train
like,33270,https://media.asldeafined.com/vocabulary/1468711809.2438.mp4,val
like,33271,https://www.handspeak.com/word/l/like.mp4,val
like,33273,https://www.signingsavvy.com/signs/mp4/14/14298.mp4,train
like,33274,https://www.signingsavvy.com/signs/mp4/6/6394.mp4,train
like,33277,https://www.youtube.com/watch?v=qK3SqANZheA,train
like,33278,https://www.youtube.com/watch?v=SbXfT74yfDI,train
like,33279,https://www.youtube.com/watch?v=vh7DN3usJgc,train
like,33280,https://www.youtube.com/watch?v=vh7DN3usJgc,val
like,33281,https://www.youtube.com/watch?v=vzUKt2pjkRI,train
like,33282,https://www.youtube.com/watch?v=vzUKt2pjkRI,train
like,33283,https://www.youtube.com/watch?v=xKY35YaWuLE,train
like,33284,http://www.aslpro.com/main/l/like.swf,train
mother,36927,https://www.youtube.com/watch?v=IxO7unGawfk,test
mother,69402,http://aslbricks.org/New/ASL-Videos/mother.mp4,val
mother,36945,http://www.aslpro.com/main/m/mother.swf,val
mother,36946,http://www.aslsearch.com/signs/videos/mama.mp4,train
mother,36930,https://s3-us-west-1.amazonaws.com/files.startasl.com/asldictionary/mother.mp4,train
mother,36931,https://signstock.blob.core.windows.net/signschool/videos/db_uploads/SignSchool%20Mother%20Wiggle-ZwJlF1W1GbE.mp4,train
mother,36932,https://signstock.blob.core.windows.net/signschool/videos/SignSchool%20Mother.mp4,train
mother,36933,https://media.asldeafined.com/vocabulary/1468716729.3803.mp4,train
mother,36934,https://www.handspeak.com/word/m/mother2.mp4,val
mother,36936,https://www.signingsavvy.com/signs/mp4/6/6508.mp4,train
mother,36937,https://www.signingsavvy.com/signs/mp4/6/6509.mp4,train
mother,36938,https://www.youtube.com/watch?v=4nGdzLPvoP4,train
mother,66147,https://aslsignbank.haskins.yale.edu/dictionary/protected_media/glossvideo/ASL/MO/MOTHER-1590.mp4,train
mother,66146,https://aslsignbank.haskins.yale.edu/dictionary/protected_media/glossvideo/ASL/MO/MOTHER-509.mp4,train
mother,36929,https://media.spreadthesign.com/video/mp4/13/48601.mp4,train
mother,67908,https://youtu.be/MEhxsAx_n6A,test
mother,36939,https://www.youtube.com/watch?v=8yzUd0Md_uY,train
mother,36940,https://www.youtube.com/watch?v=CMElqMGZrHc,test
mother,36941,https://www.youtube.com/watch?v=gmBUPfuUbzc,train
mother,36942,https://www.youtube.com/watch?v=qUkCg3rtEws,train
mother,36944,https://www.youtube.com/watch?v=zv4zGZ92WAY,train
now,38982,https://www.youtube.com/watch?v=1_jXxjd0lKE,test
now,69413,http://aslbricks.org/New/ASL-Videos/now.mp4,val
now,38994,https://signstock.blob.core.windows.net/signschool/videos/db_uploads/SignSchool%20now-0wcuocGAvNU.mp4,val
now,70345,https://www.youtube.com/watch?v=bq-HmgjGzmw,train
now,68694,https://www.youtube.com/watch?v=mKDG2tGn1Y8,train
now,68770,https://www.youtube.com/watch?v=OQM3x-HY2dM,train
now,68114,https://www.youtube.com/watch?v=vmGh2IPdSRU,train
now,38999,https://www.signingsavvy.com/signs/mp4/7/7774.mp4,train
now,39000,https://www.signingsavvy.com/signs/mp4/9/9785.mp4,val
now,39001,https://www.youtube.com/watch?v=EtW1-NdM5qI,train
now,39002,https://www.youtube.com/watch?v=EtW1-NdM5qI,train
now,39003,https://www.youtube.com/watch?v=g2j70neQ_lI,train
now,38990,https://media.spreadthesign.com/video/mp4/13/111145.mp4,train
now,67937,https://youtu.be/hIPRC-_00vs,train
now,39004,https://www.youtube.com/watch?v=OdOx4qaYlKI,train
now,39005,http://www.aslpro.com/main/n/now.swf,test
now,39006,http://www.aslsearch.com/signs/videos/now.mp4,train
now,38991,https://media.spreadthesign.com/video/mp4/13/49006.mp4,test
now,38995,https://media.asldeafined.com/vocabulary/1468719996.5074.mp4,train
now,38996,https://www.handspeak.com/word/n/now.mp4,train
now,38997,https://www.signingsavvy.com/signs/mp4/7/7687.mp4,train
dog,17076,https://www.youtube.com/watch?v=ChIupJBcxjs,train
dog,69298,http://aslbricks.org/New/ASL-Videos/dog.mp4,train
dog,68632,https://www.youtube.com/watch?v=kMcaG9BjXXg,train
dog,68035,https://www.youtube.com/watch?v=_wQEymilNt4,val
dog,17097,http://www.aslsearch.com/signs/videos/dog.mp4,test
dog,17084,https://media.spreadthesign.com/video/mp4/13/456752.mp4,train
dog,17085,https://s3-us-west-1.amazonaws.com/files.startasl.com/asldictionary/dog-2.mp4,train
dog,17086,https://s3-us-west-1.amazonaws.com/files.startasl.com/asldictionary/dog.mp4,train
dog,17087,https://media.asldeafined.com/vocabulary/1467772624.2233.mp4,train
dog,17088,https://www.handspeak.com/word/d/dog-fs.mp4,train
dog,17090,https://www.signingsavvy.com/signs/mp4/24/24220.mp4,train
dog,17091,https://www.signingsavvy.com/signs/mp4/6/6597.mp4,train
dog,17092,https://www.youtube.com/watch?v=catBjk1p2bk,train
dog,65506,https://aslsignbank.haskins.yale.edu/dictionary/protected_media/glossvideo/ASL/DO/DOG-376.mp4,test
dog,65507,https://aslsignbank.haskins.yale.edu/dictionary/protected_media/glossvideo/ASL/DO/DOG-441.mp4,train
dog,17083,https://media.spreadthesign.com/video/mp4/13/456751.mp4,val
dog,67578,https://youtu.be/-9AsKTaXwH8,test
dog,17093,https://www.youtube.com/watch?v=IbpJtH_QssM,train
dog,17095,https://www.youtube.com/watch?v=V5I4eIMatII,train
dog,17096,http://www.aslpro.com/main/d/dog.swf,val
eat,18316,https://www.youtube.com/watch?v=2oaCeSdHG-A,test
eat,69307,http://aslbricks.org/New/ASL-Videos/eat.mp4,val
eat,68520,https://www.youtube.com/watch?v=HAqSIA2GG3g,train
eat,68044,https://www.youtube.com/watch?v=lsjFBdE3X7M,train
eat,69086,https://www.youtube.com/watch?v=zOzgRJ3bAdI,train
eat,18326,https://www.handspeak.com/word/e/eat-iclpop.mp4,test
eat,18328,https://www.handspeak.com/word/e/eat.mp4,train
eat,18329,https://www.signingsavvy.com/signs/mp4/14/14883.mp4,train
eat,18331,https://www.youtube.com/watch?v=9AYysHe14jg,train
eat,18332,https://www.youtube.com/watch?v=OmylSinUxns,train
eat,65601,https://aslsignbank.haskins.yale.edu/dictionary/protected_media/glossvideo/ASL/EA/EAT-399.mp4,train
eat,18323,https://media.spreadthesign.com/video/mp4/13/74980.mp4,val
eat,67610,https://youtu.be/FSxHpeiCuBc,train
eat,67611,https://youtu.be/QkTP_AyKk_k,val
eat,18333,https://www.youtube.com/watch?v=rbnYbQyFvK4,train
eat,18334,http://www.aslpro.com/main/e/eat.swf,train
eat,18335,http://www.aslsearch.com/signs/videos/eat.mp4,train
eat,18324,https://s3-us-west-1.amazonaws.com/files.startasl.com/asldictionary/eat.mp4,train
eat,18325,https://media.asldeafined.com/vocabulary/1468347821.5825.mp4,train
play,69433,http://aslbricks.org/New/ASL-Videos/play.mp4,test
play,43166,https://media.spreadthesign.com/video/mp4/13/116328.mp4,val
play,68288,https://www.youtube.com/watch?v=75FwzqQqyM0,train
play,68133,https://www.youtube.com/watch?v=M80w0mda7zM,train
play,43170,https://media.asldeafined.com/vocabulary/1468726646.6390.mp4,train
play,43171,https://media.asldeafined.com/vocabulary/1468726677.3753.mp4,test
play,43172,https://www.handspeak.com/word/p/play.mp4,train
play,43173,https://www.signingsavvy.com/signs/mp4/14/14657.mp4,train
play,43174,https://www.signingsavvy.com/signs/mp4/6/6372.mp4,train
play,43175,https://www.youtube.com/watch?v=ODByBNyosxc,train
play,67081,https://youtu.be/vz9KBYTBL4o,train
play,43176,https://www.youtube.com/watch?v=Ui8rn2gM1ZE,val
play,43177,http://www.aslpro.com/main/p/play_fun.swf,train
play,43178,http://www.aslpro.com/main/p/play_theater.swf,val
play,43179,http://www.aslsearch.com/signs/videos/act.mp4,train
play,43180,http://www.aslsearch.com/signs/videos/play.mp4,train
play,43167,https://s3-us-west-1.amazonaws.com/files.startasl.com/asldictionary/play.mp4,train
play,43168,https://signstock.blob.core.windows.net/signschool/videos/db_uploads/SignSchool%20Play%2C%20Algeria-31fxkHUhB_k.mp4,train
play,43169,https://signstock.blob.core.windows.net/signschool/videos/db_uploads/SignSchool%20Play-TvZ8pfNOX2U.mp4,train
school,49577,https://www.youtube.com/watch?v=XB3Q6IX6CBo,test
school,69455,http://aslbricks.org/New/ASL-Videos/school.mp4,val
school,68218,https://www.youtube.com/watch?v=2EAilZspev4,train
school,68510,https://www.youtube.com/watch?v=g-w38Q0QrWE,train
school,70207,https://www.youtube.com/watch?v=hjS0dQDgbjo,train
school,68145,https://www.youtube.com/watch?v=ig7SKr3tvWc,test
school,49601,https://www.handspeak.com/word/s/school.mp4,train
school,49602,https://www.signingsavvy.com/signs/mp4/6/6564.mp4,train
school,49603,https://www.youtube.com/watch?v=vuE3RN10AGA,train
school,49604,http://www.aslpro.com/main/s/school.swf,train
school,49595,https://media.spreadthesign.com/video/mp4/13/50778.mp4,train
school,67170,https://youtu.be/A_rNr7i1uAs,val
school,49605,http://www.aslpro.com/main/s/school_walking_to.swf,train
school,49606,http://www.aslsearch.com/signs/videos/school.mp4,val
school,49596,https://s3-us-west-1.amazonaws.com/files.startasl.com/asldictionary/school.mp4,train
school,49597,https://signstock.blob.core.windows.net/signschool/videos/db_uploads/SignSchool%20Academic%2C%20School-ZsoedvSYMpA.mp4,train
school,49598,https://signstock.blob.core.windows.net/signschool/videos/SignSchool%20School.mp4,train
school,49599,https://media.asldeafined.com/vocabulary/1468763371.5844.mp4,train
school,49600,https://media.asldeafined.com/vocabulary/1522768179.9250.mp4,train
want,62241,https://www.youtube.com/watch?v=A5dihMAjeTE,test
want,69524,http://aslbricks.org/New/ASL-Videos/want.mp4,val
want,68178,https://www.youtube.com/watch?v=co7zdtkJW1E,train
want,68540,https://www.youtube.com/watch?v=I0v6P6HEGCA,train
want,62246,https://s3-us-west-1.amazonaws.com/files.startasl.com/asldictionary/want.mp4,train
want,62247,https://signstock.blob.core.windows.net/signschool/videos/SignSchool%20Want%20copy.mp4,test
want,62248,https://media.asldeafined.com/vocabulary/1468926945.7263.mp4,train
want,62249,https://www.handspeak.com/word/w/want.mp4,train
want,62250,https://www.signingsavvy.com/signs/mp4/6/6971.mp4,train
want,62251,https://www.signingsavvy.com/signs/mp4/6/6972.mp4,train
want,62253,https://www.youtube.com/watch?v=aGzNpjV6-0I,train
want,62244,https://media.spreadthesign.com/video/mp4/13/50936.mp4,val
want,67038,https://youtu.be/Xl2VNuFGexI,train
want,62254,https://www.youtube.com/watch?v=aGzNpjV6-0I,val
want,62256,https://www.youtube.com/watch?v=fBVbr5ci0EQ,train
want,62257,https://www.youtube.com/watch?v=nI-XX3BtUlQ,train
want,62258,http://www.aslpro.com/main/w/want.swf,train
want,62259,http://www.aslsearch.com/signs/videos/want.mp4,train
want,62245,https://s3-us-west-1.amazonaws.com/files.startasl.com/asldictionary/want-2.mp4,train
letter,66038,https://aslsignbank.haskins.yale.edu/dictionary/protected_media/glossvideo/ASL/LE/LETTER-642.mp4,train
letter,68636,https://www.youtube.com/watch?v=Kw9nFq7HD4Y,test
letter,70325,https://www.youtube.com/watch?v=pc0-gVEETVg,test
letter,68089,https://www.youtube.com/watch?v=XYWN81jAkgY,val
letter,32948,https://signstock.blob.core.windows.net/signschool/videos/db_uploads/SignSchool%20Stamp-8KA4BvqtdOg.mp4,val
letter,32949,https://media.asldeafined.com/vocabulary/1468711203.8119.mp4,train
letter,32950,https://media.asldeafined.com/vocabulary/1553868352.971.mp4,test
letter,32951,https://www.handspeak.com/word/l/letter.mp4,train
letter,32953,https://www.signingsavvy.com/signs/mp4/6/6847.mp4,train
letter,32954,https://www.signingsavvy.com/signs/mp4/6/6848.mp4,train
letter,32945,https://media.spreadthesign.com/video/mp4/13/457528.mp4,train
letter,67840,https://youtu.be/cIC4tYLHaME,train
letter,32955,https://www.signingsavvy.com/signs/mp4/6/6850.mp4,train
letter,32956,https://www.youtube.com/watch?v=fLkoJvqUUi8,val
letter,32957,http://www.aslpro.com/main/l/letter.swf,train
letter,32959,http://www.aslsearch.com/signs/videos/letter.mp4,train
letter,32946,https://media.spreadthesign.com/video/mp4/13/457529.mp4,train
letter,32947,https://signstock.blob.core.windows.net/signschool/videos/db_uploads/SignSchool%20Letter%20copy-aho9YprKA0M.mp4,train
movie,37120,https://www.youtube.com/watch?v=IxO7unGawfk,test
movie,68104,https://www.youtube.com/watch?v=2vC2G0kDHoQ,test
movie,68832,https://www.youtube.com/watch?v=QkeTuEbsogM,train
movie,37126,https://s3-us-west-1.amazonaws.com/files.startasl.com/asldictionary/movie.mp4,train
movie,37147,http://www.aslpro.com/main/m/movie.swf,val
movie,37149,http://www.aslpro.com//main/m/movie_times.swf,val
movie,37150,http://www.aslpro.com//main/m/movie_usher.swf,train
movie,37125,https://media.spreadthesign.com/video/mp4/13/48607.mp4,train
movie,37151,http://www.aslpro.com//main/m/movie_vhs_tape.swf,train
movie,37152,http://www.aslsearch.com/signs/videos/movie.mp4,train
movie,37127,https://media.asldeafined.com/vocabulary/1468717080.3985.mp4,val
movie,37128,https://www.handspeak.com/word/m/movie.mp4,train
movie,37129,https://www.signingsavvy.com/signs/mp4/8/8626.mp4,train
movie,37130,https://www.youtube.com/watch?v=ACBYkV6CDxI,train
movie,37134,http://www.aslpro.com//main/m/movie_drive_in.swf,train
movie,67914,https://youtu.be/pRL45Ffm4Vw,train
movie,37135,http://www.aslpro.com//main/m/movie_dvd.swf,train
read,46260,https://www.youtube.com/watch?v=Qc7Dc_qF5NI,test
read,68400,https://www.youtube.com/watch?v=D4bgMLe19N4,test
read,68138,https://www.youtube.com/watch?v=Nx5yZfVGuX8,train
read,70274,https://www.youtube.com/watch?v=WGfiiDgrq1I,train
read,69034,https://www.youtube.com/watch?v=xRNzgIs7WWM,val
read,68139,https://www.youtube.com/watch?v=ybYuTigZNQo,val
read,46273,https://www.youtube.com/watch?v=Ae98aQIiVZo,train
read,46275,http://www.aslpro.com/main/r/read.swf,train
read,46266,https://media.spreadthesign.com/video/mp4/13/457816.mp4,train
read,67125,https://youtu.be/sKEGOtW4ayA,train
read,46276,http://www.aslsearch.com/signs/videos/read.mp4,val
read,46267,https://s3-us-west-1.amazonaws.com/files.startasl.com/asldictionary/read.mp4,train
read,46268,https://signstock.blob.core.windows.net/signschool/videos/db_uploads/SignSchool%20Read-ONxA42RnRps.mp4,train
read,46269,https://media.asldeafined.com/vocabulary/1468758340.1852.mp4,train
read,46270,https://www.handspeak.com/word/r/read2.mp4,train
read,46271,https://www.handspeak.com/word/r/read.mp4,train
read,46272,https://www.signingsavvy.com/signs/mp4/7/7042.mp4,train
teacher,57037,https://www.youtube.com/watch?v=x6CehcknaH8,test
teacher,68166,https://www.youtube.com/watch?v=910Bx1PQvIE,test
teacher,57043,https://www.handspeak.com/word/t/teacher.mp4,train
teacher,57044,https://www.signingsavvy.com/signs/mp4/6/6748.mp4,train
teacher,57045,https://www.signingsavvy.com/signs/mp4/8/8205.mp4,val
teacher,57046,https://www.youtube.com/watch?v=CrUCwJklAUA,val
teacher,57047,https://www.youtube.com/watch?v=-DZaI_yoNac,train
teacher,57048,https://www.youtube.com/watch?v=K7V6D8WSZXg,train
teacher,66593,https://aslsignbank.haskins.yale.edu/dictionary/protected_media/glossvideo/ASL/TE/TEACHER-792.mp4,train
teacher,57039,https://s3-us-west-1.amazonaws.com/files.startasl.com/asldictionary/teacher.mp4,train
teacher,67282,https://youtu.be/EtRRcMFLqI0,val
teacher,57049,https://www.youtube.com/watch?v=-pk0D9N-8Fs,train
teacher,57050,http://www.aslpro.com//main/t/teacher.swf,train
teacher,57051,http://www.aslsearch.com/signs/videos/instructor.mp4,train
teacher,57040,https://signstock.blob.core.windows.net/signschool/videos/db_uploads/SignSchool%20Teacher-8jyjX2nNXYU.mp4,train
teacher,57041,https://media.asldeafined.com/vocabulary/1468943450.3372.mp4,train
teacher,57042,https://media.asldeafined.com/vocabulary/1522768202.9258.mp4,train
with,63574,https://www.youtube.com/watch?v=A5dihMAjeTE,test
with,69539,http://aslbricks.org/New/ASL-Videos/with.mp4,test
with,68572,https://www.youtube.com/watch?v=IUF82n6VGoI,train
with,68714,https://www.youtube.com/watch?v=-mTZruzaw1E,train
with,68186,https://www.youtube.com/watch?v=-WH3cssdJmQ,val
with,63594,https://www.youtube.com/watch?v=_JfI3DaFB6w,val
with,63595,http://www.aslpro.com/main/w/with.swf,train
with,63596,http://www.aslsearch.com/signs/videos/with.mp4,train
with,66795,https://aslsignbank.haskins.yale.edu/dictionary/protected_media/glossvideo/ASL/WI/WITH-323.mp4,train
with,63587,https://media.spreadthesign.com/video/mp4/13/51078.mp4,train
with,67076,https://youtu.be/etoY8lmULMg,val
with,63588,https://s3-us-west-1.amazonaws.com/files.startasl.com/asldictionary/with.mp4,train
with,63589,https://signstock.blob.core.windows.net/signschool/videos/db_uploads/SignSchool%20With-sLUkJtZiNn8.mp4,train
with,63590,https://media.asldeafined.com/vocabulary/1468928850.9790.mp4,train
with,63591,https://www.handspeak.com/word/w/with.mp4,train
with,63592,https://www.signingsavvy.com/signs/mp4/9/9702.mp4,train
with,63593,https://www.youtube.com/watch?v=g4AwGIjxn7k,train
write,64049,https://www.youtube.com/watch?v=A5dihMAjeTE,test
write,69544,http://aslbricks.org/New/ASL-Videos/write.mp4,test
write,70261,https://www.youtube.com/watch?v=WGfiiDgrq1I,train
write,64060,https://media.asldeafined.com/vocabulary/1468929385.6917.mp4,train
write,64061,https://media.asldeafined.com/vocabulary/1522768314.6956.mp4,val
write,64062,https://www.handspeak.com/word/w/write2.mp4,val
write,64064,https://www.handspeak.com/word/w/write.mp4,train
write,64065,https://www.signingsavvy.com/signs/mp4/8/8441.mp4,train
write,66815,https://aslsignbank.haskins.yale.edu/dictionary/protected_media/glossvideo/ASL/WR/WRITE-1467.mp4,train
write,64056,https://media.spreadthesign.com/video/mp4/13/51100.mp4,train
write,67008,https://youtu.be/ggCEDV4EoGs,val
write,64066,https://www.youtube.com/watch?v=3RYUgwyFzgM,train
write,64067,https://www.youtube.com/watch?v=rqBe62cqd6w,train
write,64068,http://www.aslsearch.com/signs/videos/write.mp4,train
write,64057,https://s3-us-west-1.amazonaws.com/files.startasl.com/asldictionary/write.mp4,train
write,64058,https://s3-us-west-1.amazonaws.com/files.startasl.com/asldictionary/writing.mp4,train
write,64059,https://signstock.blob.core.windows.net/signschool/videos/db_uploads/SignSchool%20Write-2Vss5wDKFhg.mp4,train
friend,23567,https://www.youtube.com/watch?v=lWaQxL25Aew,test
friend,68214,https://www.youtube.com/watch?v=25OsRZMSydI,test
friend,70342,https://www.youtube.com/watch?v=bq-HmgjGzmw,train
friend,68952,https://www.youtube.com/watch?v=uvhVws-LlfM,train
friend,23574,https://www.signingsavvy.com/signs/mp4/14/14372.mp4,train
friend,23575,https://www.youtube.com/watch?v=6a571i9uA3U,val
friend,23576,https://www.youtube.com/watch?v=6RRmIyhkMx0,train
friend,65782,https://aslsignbank.haskins.yale.edu/dictionary/protected_media/glossvideo/ASL/FR/FRIEND-462.mp4,val
friend,67691,https://youtu.be/VXN_PVcYgKc,train
friend,23577,http://www.aslpro.com/main/f/friend.swf,train
friend,23578,http://www.aslsearch.com/signs/videos/friend.mp4,train
friend,23568,https://media.spreadthesign.com/video/mp4/13/456372.mp4,train
friend,23569,https://s3-us-west-1.amazonaws.com/files.startasl.com/asldictionary/friend.mp4,val
friend,23570,https://signstock.blob.core.windows.net/signschool/videos/db_uploads/SignSchool%20Friend-kf4Rs2291OM.mp4,train
friend,23572,https://media.asldeafined.com/vocabulary/1468514220.311.mp4,train
friend,23573,https://www.handspeak.com/word/f/friend.mp4,train
home,27762,https://www.youtube.com/watch?v=SiBub8VD5wo,test
home,69366,http://aslbricks.org/New/ASL-Videos/home.mp4,test
home,68514,https://www.youtube.com/watch?v=h5auyidvtSc,train
home,70085,https://www.youtube.com/watch?v=jDCw7stJaM4,train
home,27772,https://www.youtube.com/watch?v=n0Xb58PVX_A,train
home,27773,https://www.youtube.com/watch?v=WSHD1XX7kWk,val
home,27774,http://www.aslpro.com/main/h/home.swf,train
home,27765,https://elementalaslconcepts.weebly.com/uploads/2/4/4/5/24454483/home.mov,val
home,67765,https://youtu.be/kI8My8vQVXM,train
home,27775,http://www.aslsearch.com/signs/videos/residence.mp4,train
home,27766,https://media.spreadthesign.com/video/mp4/13/58526.mp4,train
home,27767,https://s3-us-west-1.amazonaws.com/files.startasl.com/asldictionary/home.mp4,train
home,27768,https://media.asldeafined.com/vocabulary/1468581607.3342.mp4,val
home,27769,https://www.handspeak.com/word/h/home.mp4,train
home,27770,https://www.signingsavvy.com/signs/mp4/7/7180.mp4,train
home,27771,https://www.youtube.com/watch?v=mq0ygGcmFKY,train
you,64351,https://www.youtube.com/watch?v=BRO-oYGV224,test
you,69547,http://aslbricks.org/New/ASL-Videos/you.mp4,test
you,64384,https://www.handspeak.com/word/y/you.mp4,train
you,64385,https://www.signingsavvy.com/signs/mp4/24/24020.mp4,train
you,64386,https://www.youtube.com/watch?v=K9m1pAFMqyw,train
you,64387,https://www.youtube.com/watch?v=qC83X1nR5-I,val
you,64388,https://www.youtube.com/watch?v=R6-Md4KCHPY,train
you,64379,https://media.spreadthesign.com/video/mp4/13/51110.mp4,val
you,67015,https://youtu.be/u4ECcCgXTqs,train
you,64389,https://www.youtube.com/watch?v=WQdU1hAJFoI,train
you,64390,http://www.aslpro.com/main/y/you.swf,train
you,64391,http://www.aslsearch.com/signs/videos/you.mp4,train
you,64380,https://s3-us-west-1.amazonaws.com/files.startasl.com/asldictionary/you.mp4,val
you,64381,https://signstock.blob.core.windows.net/signschool/videos/db_uploads/SignSchool%20you%202-3TH0mPZ3gbE.mp4,train
you,64382,https://media.asldeafined.com/vocabulary/1468775202.6030.mp4,train
you,64383,https://media.asldeafined.com/vocabulary/1468775230.7358.mp4,train
make,34558,https://www.youtube.com/watch?v=IxO7unGawfk,val
make,68226,https://www.youtube.com/watch?v=2vE7aBuVV28,train
make,70082,https://www.youtube.com/watch?v=jDCw7stJaM4,train
make,34581,https://media.asldeafined.com/vocabulary/1468713374.2074.mp4,val
make,34582,https://www.handspeak.com/word/m/make.mp4,train
make,34583,https://www.signingsavvy.com/signs/mp4/22/22337.mp4,train
make,34584,https://www.signingsavvy.com/signs/mp4/22/22338.mp4,train
make,34575,https://media.spreadthesign.com/video/mp4/13/456657.mp4,train
make,67871,https://youtu.be/NokkIJtHjAs,train
make,34585,http://www.aslpro.com/main/m/make.swf,test
make,34586,http://www.aslsearch.com/signs/videos/fix.mp4,val
make,34577,https://signstock.blob.core.windows.net/signschool/videos/db_uploads/SignSchool%20Make%20aspect%202-cluc2HL2fcI.mp4,test
make,34578,https://signstock.blob.core.windows.net/signschool/videos/db_uploads/SignSchool%20Make%20aspect-iAySYwNEWoY.mp4,train
make,34579,https://signstock.blob.core.windows.net/signschool/videos/db_uploads/SignSchool%20Make%20opposite-niihcD0oYjQ.mp4,train
make,34580,https://signstock.blob.core.windows.net/signschool/videos/db_uploads/SignSchool%20Make-RGxUemQEoi0.mp4,train
student,55332,https://www.youtube.com/watch?v=XB3Q6IX6CBo,train
student,69494,http://aslbricks.org/New/ASL-Videos/student.mp4,test
student,55343,https://www.signingsavvy.com/signs/mp4/6/6462.mp4,train
student,55344,https://www.youtube.com/watch?v=0E3YmyCR6EY,train
student,55345,https://www.youtube.com/watch?v=jrf2XYqjg2o,train
student,55346,https://www.youtube.com/watch?v=r9IrbtWrmdg,val
student,55337,https://media.spreadthesign.com/video/mp4/13/50829.mp4,train
student,67256,https://youtu.be/wdQC5BuX2ec,val
student,55347,http://www.aslpro.com/main/s/student.swf,train
student,55348,http://www.aslsearch.com/signs/videos/student.mp4,test
student,55338,https://s3-us-west-1.amazonaws.com/files.startasl.com/asldictionary/student2.mp4,train
student,55339,https://s3-us-west-1.amazonaws.com/files.startasl.com/asldictionary/student.mp4,train
student,55340,https://media.asldeafined.com/vocabulary/1468897377.1672.mp4,train
student,55341,https://media.asldeafined.com/vocabulary/1522767321.7329.mp4,train
student,55342,https://www.handspeak.com/word/s/student.mp4,val
father,21202,https://www.youtube.com/watch?v=lWaQxL25Aew,train
father,69318,http://aslbricks.org/New/ASL-Videos/father.mp4,train
father,21220,http://www.aslpro.com/main/f/father.swf,train
father,21221,http://www.aslsearch.com/signs/videos/dad.mp4,val
father,21205,https://s3-us-west-1.amazonaws.com/files.startasl.com/asldictionary/father.mp4,train
father,21207,https://signstock.blob.core.windows.net/signschool/videos/SignSchool%20Father.mp4,train
father,21209,https://media.asldeafined.com/vocabulary/1468463544.4624.mp4,train
father,21210,https://www.handspeak.com/word/f/father.mp4,train
father,21212,https://www.signingsavvy.com/signs/mp4/6/6510.mp4,train
father,21204,https://media.spreadthesign.com/video/mp4/13/455635.mp4,test
father,67647,https://youtu.be/0LUoVGzdENo,val
father,21217,https://www.youtube.com/watch?v=4px5GII_5ws,test
father,21218,https://www.youtube.com/watch?v=Fa66XIJ2df0,train
father,21219,https://www.youtube.com/watch?v=UnAiMqWCzNs,train
talk,56800,https://www.youtube.com/watch?v=x6CehcknaH8,train
talk,68165,https://www.youtube.com/watch?v=8FrWB5VSoNQ,train
talk,68868,https://www.youtube.com/watch?v=RuDTzUVgKFM,train
talk,56828,https://www.youtube.com/watch?v=WhUh8CHjj4k,val
talk,56829,http://www.aslpro.com/main/t/talk.swf,train
talk,56830,http://www.aslsearch.com/signs/videos/speak.mp4,train
talk,56813,https://signstock.blob.core.windows.net/signschool/videos/db_uploads/SignSchool%20Talk-6MXys6LpYAo.mp4,train
talk,56816,https://media.asldeafined.com/vocabulary/1468943013.6512.mp4,train
talk,56811,https://media.spreadthesign.com/video/mp4/13/50902.mp4,train
talk,56819,https://www.signingsavvy.com/signs/mp4/14/14613.mp4,test
talk,56820,https://www.signingsavvy.com/signs/mp4/14/14614.mp4,val
talk,67277,https://youtu.be/2C95Ib4KdOg,test
talk,56821,https://www.signingsavvy.com/signs/mp4/22/22166.mp4,train
talk,56827,https://www.youtube.com/watch?v=vB3APsM4FFQ,train
today,58676,https://www.youtube.com/watch?v=x6CehcknaH8,train
today,69512,http://aslbricks.org/New/ASL-Videos/today.mp4,train
today,70346,https://www.youtube.com/watch?v=bq-HmgjGzmw,train
today,58684,https://www.signingsavvy.com/signs/mp4/9/9785.mp4,val
today,58685,https://www.youtube.com/watch?v=IlLRJ6jw4lY,train
today,58686,http://www.aslpro.com/main/t/today.swf,train
today,58687,http://www.aslsearch.com/signs/videos/current.mp4,train
today,58677,https://media.spreadthesign.com/video/mp4/13/485657.mp4,train
today,58678,https://s3-us-west-1.amazonaws.com/files.startasl.com/asldictionary/today.mp4,train
today,58679,https://media.asldeafined.com/vocabulary/1468945745.3876.mp4,test
today,58680,https://www.handspeak.com/word/t/today.mp4,val
today,58681,https://www.signingsavvy.com/signs/mp4/6/6999.mp4,test
today,58682,https://www.signingsavvy.com/signs/mp4/7/7687.mp4,train
today,58683,https://www.signingsavvy.com/signs/mp4/7/7688.mp4,train
child,10435,https://www.youtube.com/watch?v=PPmQd2zWdP0,val
child,10450,https://www.signingsavvy.com/signs/mp4/9/9191.mp4,train
child,10451,https://www.youtube.com/watch?v=32hgy9NSs7k,train
child,10452,http://www.aslpro.com/main/c/child.swf,train
child,65351,https://aslsignbank.haskins.yale.edu/dictionary/protected_media/glossvideo/ASL/CH/CHILD-75.mp4,train
child,10443,https://media.spreadthesign.com/video/mp4/13/125977.mp4,train
child,10453,http://www.aslsearch.com/signs/videos/child.mp4,train
child,10444,https://signstock.blob.core.windows.net/signschool/videos/db_uploads/SignSchool%20Child-D-7K4sSsMWw.mp4,train
child,10445,https://signstock.blob.core.windows.net/signschool/videos/db_uploads/SignSchool%20Child-WrFMVymtcRs.mp4,train
child,10446,https://signstock.blob.core.windows.net/signschool/videos/db_uploads/SignSchool%20Short-bjSx00_gSOs.mp4,test
child,10447,https://media.asldeafined.com/vocabulary/1466732333.9614.mp4,train
child,10448,https://www.handspeak.com/word/c/child.mp4,test
child,10449,https://www.signingsavvy.com/signs/mp4/23/23321.mp4,val
phone,42419,https://www.youtube.com/watch?v=zHd4YEFzpwE,val
phone,68704,https://www.youtube.com/watch?v=mOS-N9FH98A,train
phone,68130,https://www.youtube.com/watch?v=WgwZiQTmuf4,train
phone,42431,https://www.youtube.com/watch?v=OxPU1Gq4UcY,train
phone,42423,https://media.spreadthesign.com/video/mp4/13/457751.mp4,train
phone,42433,http://www.aslpro.com/main/p/phone.swf,train
phone,42434,http://www.aslsearch.com/signs/videos/phone.mp4,train
phone,42424,https://media.spreadthesign.com/video/mp4/13/457752.mp4,train
phone,42425,https://media.asldeafined.com/vocabulary/1468725580.1235.mp4,train
phone,42426,https://www.handspeak.com/word/p/phone.mp4,test
phone,42427,https://www.handspeak.com/word/p/phone-you.mp4,train
phone,42428,https://www.signingsavvy.com/signs/mp4/7/7254.mp4,test
phone,42429,https://www.youtube.com/watch?v=fgg7qxjYh_0,val
food,22739,https://www.youtube.com/watch?v=lWaQxL25Aew,train
food,69330,http://aslbricks.org/New/ASL-Videos/food.mp4,train
food,68052,https://www.youtube.com/watch?v=EhU8iSsKPI0,train
food,70058,https://www.youtube.com/watch?v=jDCw7stJaM4,val
food,22743,https://media.spreadthesign.com/video/mp4/13/74992.mp4,train
food,22744,https://s3-us-west-1.amazonaws.com/files.startasl.com/asldictionary/food.mp4,train
food,22745,https://signstock.blob.core.windows.net/signschool/videos/SignSchool%20Food.mp4,train
food,22746,https://media.asldeafined.com/vocabulary/1468513144.2894.mp4,train
food,22747,https://www.handspeak.com/word/f/food.mp4,val
food,22748,https://www.signingsavvy.com/signs/mp4/14/14883.mp4,test
food,22749,http://www.aslpro.com/main/f/food.swf,test
food,22750,http://www.aslsearch.com/signs/videos/eat.mp4,train
rat,46155,https://www.youtube.com/watch?v=Qc7Dc_qF5NI,test
rat,46182,http://www.aslsearch.com/signs/videos/rat.mp4,train
rat,46174,https://media.spreadthesign.com/video/mp4/13/49267.mp4,train
rat,67123,https://youtu.be/5kdynSmFI_E,val
rat,46175,https://s3-us-west-1.amazonaws.com/files.startasl.com/asldictionary/rat.mp4,train
rat,46176,https://media.asldeafined.com/vocabulary/1546574950.2713.mp4,test
rat,46177,https://www.handspeak.com/word/r/rat-animal.mp4,train
rat,46178,https://www.signingsavvy.com/signs/mp4/2/2975.mp4,train
rat,46179,https://www.signingsavvy.com/signs/mp4/7/7526.mp4,train
rat,46180,https://www.youtube.com/watch?v=sYgnTw77hk8,train
rat,46181,http://www.aslpro.com/main/r/rat.swf,val
see,50107,https://www.youtube.com/watch?v=XB3Q6IX6CBo,test
see,69460,http://aslbricks.org/New/ASL-Videos/see.mp4,train
see,68444,https://www.youtube.com/watch?v=EzeU9Z2xDB0,train
see,50120,https://media.spreadthesign.com/video/mp4/13/306763.mp4,val
see,67178,https://youtu.be/InFyZzSRtZU,train
see,50122,https://media.asldeafined.com/vocabulary/1468764895.9090.mp4,test
see,50123,https://www.handspeak.com/word/s/see.mp4,train
see,50125,https://www.signingsavvy.com/signs/mp4/8/8396.mp4,train
see,50126,https://www.youtube.com/watch?v=QMvwHGkCFqI,train
see,50127,http://www.aslpro.com/main/s/see.swf,train
see,50128,http://www.aslsearch.com/signs/videos/see.mp4,val
to,58629,https://www.youtube.com/watch?v=x6CehcknaH8,test
to,58730,http://www.aslsearch.com/signs/videos/to.mp4,train
to,58721,https://media.spreadthesign.com/video/mp4/13/90088.mp4,train
to,58722,https://signstock.blob.core.windows.net/signschool/videos/db_uploads/SignSchool%20To-q6oIZTKkhzw.mp4,val
to,58723,https://signstock.blob.core.windows.net/signschool/videos/db_uploads/SignSchool%20To-wGaGr4j4UjQ.mp4,train
to,58724,https://media.asldeafined.com/vocabulary/1468925328.4856.mp4,test
to,58725,https://media.asldeafined.com/vocabulary/1468945694.5004.mp4,train
to,58726,https://www.handspeak.com/word/t/to.mp4,train
to,58727,https://www.signingsavvy.com/signs/mp4/8/8675.mp4,train
to,58728,https://www.youtube.com/watch?v=2QnEVRZ9_Mc,train
to,58729,http://www.aslpro.com/main/t/to.swf,val
store,69489,http://aslbricks.org/New/ASL-Videos/store.mp4,train
store,54955,https://s3-us-west-1.amazonaws.com/files.startasl.com/asldictionary/store.mp4,train
store,54963,https://www.youtube.com/watch?v=CPp1UOM-olA,train
store,54964,http://www.aslpro.com/main/s/store.swf,val
store,54965,http://www.aslsearch.com/signs/videos/store2.mp4,train
store,54966,http://www.aslsearch.com/signs/videos/store.mp4,val
store,54956,https://signstock.blob.core.windows.net/signschool/videos/SignSchool%20store%202.mp4,train
store,54957,https://media.asldeafined.com/vocabulary/1468896551.3640.mp4,train
store,54958,https://www.handspeak.com/word/s/store.mp4,test
store,54962,https://www.signingsavvy.com/signs/mp4/9/9198.mp4,train
we,62583,https://www.youtube.com/watch?v=A5dihMAjeTE,train
we,69527,http://aslbricks.org/New/ASL-Videos/we.mp4,train
we,66755,https://aslsignbank.haskins.yale.edu/dictionary/protected_media/glossvideo/ASL/WE/WE-1416.mp4,train
we,62774,https://media.spreadthesign.com/video/mp4/13/90208.mp4,val
we,62775,https://signstock.blob.core.windows.net/signschool/videos/db_uploads/SignSchool%20We-19JJXcGUvBo.mp4,train
we,62776,https://media.asldeafined.com/vocabulary/1468927382.4419.mp4,val
we,62777,https://www.handspeak.com/word/w/we.mp4,train
we,62778,https://www.signingsavvy.com/signs/mp4/9/9274.mp4,train
we,62779,http://www.aslpro.com/main/w/we.swf,test
we,62780,http://www.aslsearch.com/signs/videos/we.mp4,train
dinner,16330,http://www.aslsearch.com/signs/videos/dinner2.mp4,train
dinner,16322,https://media.spreadthesign.com/video/mp4/13/456728.mp4,train
dinner,16323,https://s3-us-west-1.amazonaws.com/files.startasl.com/asldictionary/dinner.mp4,train
dinner,16324,https://signstock.blob.core.windows.net/signschool/videos/db_uploads/SignSchool%20Dinner-9jBzuXsAPvE.mp4,train
dinner,16325,https://media.asldeafined.com/vocabulary/1467683132.9168.mp4,val
dinner,16326,https://www.handspeak.com/word/d/dinner.mp4,val
dinner,16327,https://www.signingsavvy.com/signs/mp4/6/6293.mp4,train
dinner,16328,https://www.signingsavvy.com/signs/mp4/7/7586.mp4,test
dinner,16329,http://www.aslpro.com/main/d/dinner.swf,train
she,50918,https://www.youtube.com/watch?v=XB3Q6IX6CBo,train
she,69466,http://aslbricks.org/New/ASL-Videos/she.mp4,train
she,50948,https://media.spreadthesign.com/video/mp4/13/89946.mp4,train
she,50949,https://media.asldeafined.com/vocabulary/1468765813.2123.mp4,train
she,50950,https://www.handspeak.com/word/s/she.mp4,val
she,50951,https://www.signingsavvy.com/signs/mp4/24/24020.mp4,val
she,50952,https://www.signingsavvy.com/signs/mp4/24/24021.mp4,train
she,50953,http://www.aslpro.com/main/s/she.swf,test
she,50954,http://www.aslsearch.com/signs/videos/she.mp4,train
come,11839,https://www.youtube.com/watch?v=PPmQd2zWdP0,val
come,69275,http://aslbricks.org/New/ASL-Videos/come.mp4,test
come,11884,http://www.aslsearch.com/signs/videos/come.mp4,train
come,11876,https://media.spreadthesign.com/video/mp4/13/399315.mp4,train
come,11877,https://signstock.blob.core.windows.net/signschool/videos/db_uploads/SignSchool%20To%20Come-T815w96_jns.mp4,train
come,11878,https://media.asldeafined.com/vocabulary/1466900105.5607.mp4,val
come,11879,https://www.handspeak.com/word/c/come2.mp4,train
come,11882,https://www.signingsavvy.com/signs/mp4/7/7175.mp4,train
i,28557,https://www.youtube.com/watch?v=K1YuKDdDp_k,test
i,66047,https://aslsignbank.haskins.yale.edu/dictionary/protected_media/glossvideo/ASL/LE/LETTER-I-495.mp4,val
i,28789,https://media.asldeafined.com/vocabulary/1528811446.7425.mp4,train
i,28790,https://www.handspeak.com/word/i/i-abc.mp4,train
i,28791,https://www.signingsavvy.com/signs/mp4/10/10008.mp4,train
i,28793,http://www.aslpro.com//main/i/i.swf,train
i,28794,http://www.aslsearch.com/signs/videos/i2.mp4,train
